Title,Name,ID,Email,Company,Updated
2017-04-01 00:00:00,Mr.,"""Clarke,Nita Z.""",16220630-3253,pharetra.Nam@egestashendreritneque.com,Aliquam Nec Enim Institute
2017-04-14 00:00:00,,"""Cobb,Lenore G.""",16190501-6752,ullamcorper.Duis.cursus@vehiculaetrutrum.edu,Turpis Egestas Aliquam Ltd
2017-04-27 00:00:00,Ms.,"""Burris,Naomi J.""",16010323-3201,amet.ante.Vivamus@arcuacorci.com,A Malesuada Associates
2017-04-28 00:00:00,,"""Wilson,Mariam X.""",16450125-7713,ligula@velesttempor.ca,Ligula LLP
2017-05-04 00:00:00,Ms.,"""Martin,Zena K.""",16750216-5116,Nam.nulla.magna@massaIntegervitae.com,Volutpat Nulla Corp.
2017-05-28 00:00:00,Ms.,"""Herrera,Armand W.""",16181221-7600,libero@dapibusgravida.com,Conubia Nostra Per Corp.
2017-06-07 00:00:00,,"""Perry,Martena A.""",16270708-2430,pellentesque@ipsumacmi.org,Eget Magna Limited
2017-06-16 00:00:00,Dr.,"""Mccall,Noble U.""",16401029-9123,Curabitur.massa@auguemalesuada.org,Sit Amet Incorporated
2017-06-16 00:00:00,Mrs.,"""Rollins,Callum M.""",16170921-4512,libero.nec@acsem.edu,Duis Mi Enim PC
2017-06-18 00:00:00,Mrs.,"""Carr,Zeus Z.""",16590305-1224,mollis.Phasellus.libero@nuncullamcorpereu.ca,Proin Vel Inc.
2017-06-25 00:00:00,Mrs.,"""Estes,Alice O.""",16300416-9417,orci.Phasellus@libero.edu,Arcu Vestibulum Corporation
2017-06-28 00:00:00,Ms.,"""Holden,Blaze P.""",16061220-6730,neque.Nullam@purusinmolestie.ca,Cursus Et Institute
2017-06-30 00:00:00,Ms.,"""Rosales,Cathleen U.""",16180427-7828,mi.fringilla@CuraeDonectincidunt.ca,Quisque Fringilla Consulting
2017-07-08 00:00:00,Mr.,"""Walsh,Vincent Z.""",16390402-1171,enim@suscipitest.net,Donec Luctus Aliquet Institute
2017-07-09 00:00:00,Mrs.,"""Pace,Bianca O.""",16201004-2212,egestas@Nuncmauris.com,Quam A Felis Incorporated
2017-07-10 00:00:00,Mr.,"""Davidson,Urielle C.""",16480313-6177,tincidunt@dictumPhasellus.co.uk,Pede Nunc Corp.
2017-07-12 00:00:00,,"""Peters,Samuel B.""",16000705-4570,eget@sedpede.ca,Blandit LLC
2017-07-12 00:00:00,Dr.,"""Baird,Mia L.""",16721115-1878,Praesent.eu.nulla@ipsum.com,Turpis In Institute
2017-07-16 00:00:00,Ms.,"""Travis,Akeem B.""",16970110-2619,nec.luctus@aceleifendvitae.com,Sed Eu Nibh Company
2017-07-27 00:00:00,Ms.,"""Houston,Allegra R.""",16180606-9751,velit@semperegestasurna.com,Convallis Est Vitae Foundation
2017-08-17 00:00:00,Mr.,"""Collins,Evan C.""",16620201-0705,fermentum@rutrumjustoPraesent.ca,Tincidunt Incorporated
2017-08-24 00:00:00,,"""Cooke,Elizabeth K.""",16170503-2421,convallis@enim.edu,A Auctor Limited
2017-08-25 00:00:00,Dr.,"""Mack,Hermione H.""",16880521-4809,In.tincidunt.congue@Duis.org,Tincidunt Corporation
2017-08-28 00:00:00,Mrs.,"""Burton,Amery G.""",16520318-6746,mauris@CraspellentesqueSed.net,Nec Enim Industries
2017-08-28 00:00:00,Mrs.,"""Curtis,Roth Y.""",16290320-9498,nibh@velitQuisque.net,Ut Pellentesque Limited
2017-09-02 00:00:00,Mr.,"""Goodman,Devin C.""",16720911-1181,Maecenas@sociisnatoquepenatibus.com,Elementum Inc.
2017-09-16 00:00:00,,"""Patterson,Gil X.""",16740421-2065,ligula@at.ca,Egestas Aliquam Corporation
2017-09-23 00:00:00,Dr.,"""Frye,Reed L.""",16031128-0812,nec.metus.facilisis@natoque.net,Augue Industries
2017-10-05 00:00:00,Mrs.,"""Mcclure,Irma K.""",16530225-7224,Fusce.diam@Sednulla.edu,Imperdiet Non Vestibulum Corporation
2017-10-28 00:00:00,Ms.,"""Bates,Mannix P.""",16580830-7879,rutrum@nequeSedeget.com,Maecenas Libero Est Institute
2017-11-13 00:00:00,Mrs.,"""Madden,Ciaran N.""",16390419-5033,sit@musAenean.co.uk,Enim Inc.
2017-11-17 00:00:00,,"""Brady,Lana I.""",16610917-7029,per.conubia@ornare.org,Non LLC
2017-11-26 00:00:00,,"""Gaines,Wynne R.""",16770607-7596,luctus.et@tellusfaucibusleo.co.uk,Ante Limited
2017-11-27 00:00:00,Dr.,"""Hopper,Eliana D.""",16450819-1824,magna@Duisvolutpat.edu,Gravida Mauris Ut Ltd
2017-12-05 00:00:00,Mrs.,"""Rosario,Sonya A.""",16571009-6768,ornare@nonjustoProin.co.uk,At LLC
2017-12-13 00:00:00,Ms.,"""Harmon,Quynn G.""",16400822-0206,enim.non.nisi@sit.com,Magna Tellus Faucibus Institute
2017-12-28 00:00:00,Dr.,"""Horton,Olga X.""",16090504-7759,taciti.sociosqu.ad@amet.net,Gravida Sit Incorporated
2018-01-04 00:00:00,Mr.,"""Barlow,Kirestin O.""",16221210-9249,Donec.feugiat.metus@velturpis.net,Felis Eget Varius Foundation
2018-01-16 00:00:00,,"""Payne,Wayne R.""",16410315-0704,amet.consectetuer@justo.org,Enim Non LLC
2018-01-23 00:00:00,Ms.,"""Owen,Jenette B.""",16440901-5817,malesuada@enim.org,Euismod Enim Etiam Ltd
2018-02-10 00:00:00,Mrs.,"""Wilson,Iliana C.""",16021029-8865,natoque@ac.net,Pharetra Associates
2018-02-19 00:00:00,Ms.,"""Knowles,Hanna Z.""",16301024-5003,odio.vel@Nullamenim.co.uk,At Iaculis Quis Consulting
2018-02-28 00:00:00,Mrs.,"""Mcclure,Elizabeth R.""",16700723-3047,in.tempus@ligula.co.uk,Auctor Mauris Vel LLC
2018-03-05 00:00:00,Mr.,"""Joseph,Cynthia D.""",16700712-1911,pretium.neque@morbitristique.co.uk,Et Tristique Incorporated
2018-03-09 00:00:00,,"""Parsons,Christian F.""",16160128-5156,leo.Cras.vehicula@nibh.org,Et Magnis Dis Limited
2018-03-11 00:00:00,Mrs.,"""Cole,Harrison W.""",16170726-6811,eu.tempor@vehicularisus.ca,Lectus Quis Massa Industries
2018-03-12 00:00:00,,"""Crawford,Marshall P.""",16270523-2979,semper.cursus@nuncsit.net,Pellentesque Tellus Sem Industries
2018-03-23 00:00:00,Mr.,"""Mills,Lynn G.""",16810113-6169,ligula.consectetuer.rhoncus@lacinia.edu,Suspendisse Consulting
2018-03-26 00:00:00,Mrs.,"""Roth,Cody N.""",16901118-2434,Nullam.nisl@arcuSed.edu,Vel Associates
2018-03-29 00:00:00,Ms.,"""Barker,Sonya P.""",16341025-7228,et@vitaealiquameros.org,Cras Lorem Lorem Ltd
2018-03-31 00:00:00,Mr.,"""Wilcox,Ifeoma Q.""",16001123-3541,Proin@Duis.edu,Auctor Nunc Nulla Corp.
2018-04-07 00:00:00,Ms.,"""Perkins,Blaze E.""",16221113-2648,natoque@est.edu,Cursus Corporation
2018-04-09 00:00:00,Mrs.,"""Luna,Mariko M.""",16740112-8611,libero@egetmagna.net,Nulla Donec Non Industries
2018-04-17 00:00:00,Ms.,"""Hammond,Bell B.""",16151221-6134,lorem.auctor@lectusCumsociis.co.uk,Tincidunt Dui Ltd
2018-04-18 00:00:00,Mrs.,"""Gallegos,Hu B.""",16150918-6068,Suspendisse@sempertellus.net,Enim Sit Amet Foundation
2018-05-02 00:00:00,Mrs.,"""Hebert,Vivian P.""",16310307-6240,molestie.pharetra.nibh@egestasa.edu,Vehicula Corp.
2018-05-24 00:00:00,Ms.,"""Mcgee,Richard O.""",16860624-8295,aliquet.magna@aliquet.co.uk,Ipsum Non Arcu LLP
2018-05-26 00:00:00,Ms.,"""Galloway,Raymond H.""",16821009-1008,Aenean.massa.Integer@nequevitaesemper.edu,Egestas PC
2018-06-05 00:00:00,Mr.,"""Riddle,Hyatt W.""",16740415-9845,posuere.cubilia@consectetuerrhoncus.edu,Libero LLP
2018-06-18 00:00:00,Mrs.,"""Alford,Sean Z.""",16530904-3122,et.euismod.et@hendreritid.org,Et Ultrices Posuere Inc.
2018-06-19 00:00:00,Dr.,"""Hartman,Genevieve J.""",16251124-2873,In.nec@est.ca,Nunc Sed Consulting
2018-07-05 00:00:00,Dr.,"""Davenport,Melinda N.""",16280430-8563,aliquet.Phasellus@sagittisDuisgravida.ca,Interdum Ligula Eu Inc.
2018-07-11 00:00:00,Mr.,"""Malone,Cynthia M.""",16860530-8256,Quisque.ornare.tortor@sapiencursusin.com,Curabitur Vel Inc.
2018-07-13 00:00:00,Ms.,"""Merrill,Rosalyn O.""",16460330-3936,ullamcorper.nisl.arcu@erateget.edu,Blandit Institute
2018-07-13 00:00:00,Mrs.,"""Chaney,Martha X.""",16800729-0466,et.malesuada@lacusUtnec.co.uk,Duis At Company
2018-07-19 00:00:00,Mrs.,"""Mcintosh,Rahim N.""",16670811-1668,mauris@necligula.org,Luctus Ut Incorporated
2018-07-24 00:00:00,Mrs.,"""Carey,Sebastian D.""",16411129-7125,iaculis.lacus.pede@vitaesodales.com,Posuere Cubilia Curae; Ltd
2018-08-02 00:00:00,Ms.,"""Reyes,Kamal P.""",16000205-4757,molestie.tortor.nibh@ridiculus.com,Neque Sed LLC
2018-08-27 00:00:00,Dr.,"""Avery,Virginia D.""",16500306-1974,sodales@senectus.com,Tristique Neque Venenatis Institute
2018-08-29 00:00:00,Mr.,"""Benton,Joel I.""",16020608-0053,eu.eros.Nam@Donecvitae.co.uk,Non Limited
2018-09-03 00:00:00,,"""Cameron,Lynn B.""",16610116-1526,senectus@elitCurabitursed.net,Suspendisse Foundation
2018-09-08 00:00:00,Mr.,"""Daniel,Ignatius K.""",16680823-5359,quis.turpis.vitae@dolor.com,Sit Amet Dapibus Corp.
2018-09-18 00:00:00,Ms.,"""Blanchard,Carter V.""",16381210-6619,dolor.tempus@Donecnonjusto.edu,Non Industries
2018-09-20 00:00:00,,"""Hardin,Griffin L.""",16810107-4519,pharetra.nibh@ultricies.com,Velit Egestas Lacinia Foundation
2018-09-27 00:00:00,Ms.,"""Charles,Kim Y.""",16840214-6545,eu.enim@enimnec.co.uk,Lacus LLP
2018-10-29 00:00:00,Mr.,"""Gutierrez,Kameko Q.""",16681023-3103,non.lobortis@quamquisdiam.com,Convallis Ante PC
2018-10-30 00:00:00,Ms.,"""Woodard,Preston O.""",16641022-5210,ultrices.sit.amet@Loremipsumdolor.edu,In Faucibus LLC
2018-10-31 00:00:00,Mr.,"""Briggs,Frances G.""",16450121-0233,pede.sagittis@nisisem.net,Lacinia At Iaculis Ltd
